{"loss": 0.3357042372226715, "accuracy": 0.8514796495437622}