{"loss": 0.424932062625885, "accuracy": 0.7989949584007263}